<?xml version="1.0" encoding="UTF-8" ?>
<!-- This is a WordPress eXtended RSS file generated by WordPress as an export of your site. -->
<!-- It contains information about your site's posts, pages, comments, categories, and other content. -->
<!-- You may use this file to transfer that content from one site to another. -->
<!-- This file is not intended to serve as a complete backup of your site. -->

<!-- To import this information into a WordPress site follow these steps: -->
<!-- 1. Log in to that site as an administrator. -->
<!-- 2. Go to Tools: Import in the WordPress admin panel. -->
<!-- 3. Install the "WordPress" importer from the list. -->
<!-- 4. Activate & Run Importer. -->
<!-- 5. Upload this file using the form provided on that page. -->
<!-- 6. You will first be asked to map the authors in this export file to users -->
<!--    on the site. For each author, you may choose to map to an -->
<!--    existing user on the site or to create a new user. -->
<!-- 7. WordPress will then import each of the posts, pages, comments, categories, etc. -->
<!--    contained in this file into your site. -->

<!-- generator="WordPress/4.9.5" created="2018-05-09 18:06" -->
<rss version="2.0"
	xmlns:excerpt="http://wordpress.org/export/1.2/excerpt/"
	xmlns:content="http://purl.org/rss/1.0/modules/content/"
	xmlns:wfw="http://wellformedweb.org/CommentAPI/"
	xmlns:dc="http://purl.org/dc/elements/1.1/"
	xmlns:wp="http://wordpress.org/export/1.2/"
>

<channel>
	<title>Flooring Company WordPress Theme</title>
	<link>http://themes.webdevia.com/flooring</link>
	<description>Just another WordPress site</description>
	<pubDate>Wed, 09 May 2018 18:06:20 +0000</pubDate>
	<language>en-US</language>
	<wp:wxr_version>1.2</wp:wxr_version>
	<wp:base_site_url>http://themes.webdevia.com/flooring</wp:base_site_url>
	<wp:base_blog_url>http://themes.webdevia.com/flooring</wp:base_blog_url>

	<wp:author><wp:author_id>1</wp:author_id><wp:author_login><![CDATA[root]]></wp:author_login><wp:author_email><![CDATA[admin@themes.webdevia.com]]></wp:author_email><wp:author_display_name><![CDATA[root]]></wp:author_display_name><wp:author_first_name><![CDATA[]]></wp:author_first_name><wp:author_last_name><![CDATA[]]></wp:author_last_name></wp:author>

	<wp:category>
		<wp:term_id>1</wp:term_id>
		<wp:category_nicename><![CDATA[uncategorized]]></wp:category_nicename>
		<wp:category_parent><![CDATA[]]></wp:category_parent>
		<wp:cat_name><![CDATA[Uncategorized]]></wp:cat_name>
	</wp:category>
	<wp:category>
		<wp:term_id>2</wp:term_id>
		<wp:category_nicename><![CDATA[%d8%ba%d9%8a%d8%b1-%d9%85%d8%b5%d9%86%d9%81]]></wp:category_nicename>
		<wp:category_parent><![CDATA[]]></wp:category_parent>
		<wp:cat_name><![CDATA[غير مصنف]]></wp:cat_name>
	</wp:category>
	<wp:term>
		<wp:term_id><![CDATA[12]]></wp:term_id>
		<wp:term_taxonomy><![CDATA[pa_color]]></wp:term_taxonomy>
		<wp:term_slug><![CDATA[black]]></wp:term_slug>
		<wp:term_parent><![CDATA[]]></wp:term_parent>
		<wp:term_name><![CDATA[Black]]></wp:term_name>
	</wp:term>
	<wp:term>
		<wp:term_id><![CDATA[13]]></wp:term_id>
		<wp:term_taxonomy><![CDATA[pa_color]]></wp:term_taxonomy>
		<wp:term_slug><![CDATA[blue]]></wp:term_slug>
		<wp:term_parent><![CDATA[]]></wp:term_parent>
		<wp:term_name><![CDATA[Blue]]></wp:term_name>
	</wp:term>
	<wp:term>
		<wp:term_id><![CDATA[3]]></wp:term_id>
		<wp:term_taxonomy><![CDATA[projet]]></wp:term_taxonomy>
		<wp:term_slug><![CDATA[design]]></wp:term_slug>
		<wp:term_parent><![CDATA[]]></wp:term_parent>
		<wp:term_name><![CDATA[DESIGN]]></wp:term_name>
	</wp:term>
	<wp:term>
		<wp:term_id><![CDATA[23]]></wp:term_id>
		<wp:term_taxonomy><![CDATA[product_visibility]]></wp:term_taxonomy>
		<wp:term_slug><![CDATA[exclude-from-catalog]]></wp:term_slug>
		<wp:term_parent><![CDATA[]]></wp:term_parent>
		<wp:term_name><![CDATA[exclude-from-catalog]]></wp:term_name>
	</wp:term>
	<wp:term>
		<wp:term_id><![CDATA[22]]></wp:term_id>
		<wp:term_taxonomy><![CDATA[product_visibility]]></wp:term_taxonomy>
		<wp:term_slug><![CDATA[exclude-from-search]]></wp:term_slug>
		<wp:term_parent><![CDATA[]]></wp:term_parent>
		<wp:term_name><![CDATA[exclude-from-search]]></wp:term_name>
	</wp:term>
	<wp:term>
		<wp:term_id><![CDATA[11]]></wp:term_id>
		<wp:term_taxonomy><![CDATA[product_type]]></wp:term_taxonomy>
		<wp:term_slug><![CDATA[external]]></wp:term_slug>
		<wp:term_parent><![CDATA[]]></wp:term_parent>
		<wp:term_name><![CDATA[external]]></wp:term_name>
	</wp:term>
	<wp:term>
		<wp:term_id><![CDATA[24]]></wp:term_id>
		<wp:term_taxonomy><![CDATA[product_visibility]]></wp:term_taxonomy>
		<wp:term_slug><![CDATA[featured]]></wp:term_slug>
		<wp:term_parent><![CDATA[]]></wp:term_parent>
		<wp:term_name><![CDATA[featured]]></wp:term_name>
	</wp:term>
	<wp:term>
		<wp:term_id><![CDATA[14]]></wp:term_id>
		<wp:term_taxonomy><![CDATA[pa_color]]></wp:term_taxonomy>
		<wp:term_slug><![CDATA[green]]></wp:term_slug>
		<wp:term_parent><![CDATA[]]></wp:term_parent>
		<wp:term_name><![CDATA[Green]]></wp:term_name>
	</wp:term>
	<wp:term>
		<wp:term_id><![CDATA[9]]></wp:term_id>
		<wp:term_taxonomy><![CDATA[product_type]]></wp:term_taxonomy>
		<wp:term_slug><![CDATA[grouped]]></wp:term_slug>
		<wp:term_parent><![CDATA[]]></wp:term_parent>
		<wp:term_name><![CDATA[grouped]]></wp:term_name>
	</wp:term>
	<wp:term>
		<wp:term_id><![CDATA[4]]></wp:term_id>
		<wp:term_taxonomy><![CDATA[projet]]></wp:term_taxonomy>
		<wp:term_slug><![CDATA[interior]]></wp:term_slug>
		<wp:term_parent><![CDATA[]]></wp:term_parent>
		<wp:term_name><![CDATA[INTERIOR]]></wp:term_name>
	</wp:term>
	<wp:term>
		<wp:term_id><![CDATA[5]]></wp:term_id>
		<wp:term_taxonomy><![CDATA[projet]]></wp:term_taxonomy>
		<wp:term_slug><![CDATA[office]]></wp:term_slug>
		<wp:term_parent><![CDATA[]]></wp:term_parent>
		<wp:term_name><![CDATA[OFFICE]]></wp:term_name>
	</wp:term>
	<wp:term>
		<wp:term_id><![CDATA[25]]></wp:term_id>
		<wp:term_taxonomy><![CDATA[product_visibility]]></wp:term_taxonomy>
		<wp:term_slug><![CDATA[outofstock]]></wp:term_slug>
		<wp:term_parent><![CDATA[]]></wp:term_parent>
		<wp:term_name><![CDATA[outofstock]]></wp:term_name>
	</wp:term>
	<wp:term>
		<wp:term_id><![CDATA[26]]></wp:term_id>
		<wp:term_taxonomy><![CDATA[product_visibility]]></wp:term_taxonomy>
		<wp:term_slug><![CDATA[rated-1]]></wp:term_slug>
		<wp:term_parent><![CDATA[]]></wp:term_parent>
		<wp:term_name><![CDATA[rated-1]]></wp:term_name>
	</wp:term>
	<wp:term>
		<wp:term_id><![CDATA[27]]></wp:term_id>
		<wp:term_taxonomy><![CDATA[product_visibility]]></wp:term_taxonomy>
		<wp:term_slug><![CDATA[rated-2]]></wp:term_slug>
		<wp:term_parent><![CDATA[]]></wp:term_parent>
		<wp:term_name><![CDATA[rated-2]]></wp:term_name>
	</wp:term>
	<wp:term>
		<wp:term_id><![CDATA[28]]></wp:term_id>
		<wp:term_taxonomy><![CDATA[product_visibility]]></wp:term_taxonomy>
		<wp:term_slug><![CDATA[rated-3]]></wp:term_slug>
		<wp:term_parent><![CDATA[]]></wp:term_parent>
		<wp:term_name><![CDATA[rated-3]]></wp:term_name>
	</wp:term>
	<wp:term>
		<wp:term_id><![CDATA[29]]></wp:term_id>
		<wp:term_taxonomy><![CDATA[product_visibility]]></wp:term_taxonomy>
		<wp:term_slug><![CDATA[rated-4]]></wp:term_slug>
		<wp:term_parent><![CDATA[]]></wp:term_parent>
		<wp:term_name><![CDATA[rated-4]]></wp:term_name>
	</wp:term>
	<wp:term>
		<wp:term_id><![CDATA[30]]></wp:term_id>
		<wp:term_taxonomy><![CDATA[product_visibility]]></wp:term_taxonomy>
		<wp:term_slug><![CDATA[rated-5]]></wp:term_slug>
		<wp:term_parent><![CDATA[]]></wp:term_parent>
		<wp:term_name><![CDATA[rated-5]]></wp:term_name>
	</wp:term>
	<wp:term>
		<wp:term_id><![CDATA[8]]></wp:term_id>
		<wp:term_taxonomy><![CDATA[product_type]]></wp:term_taxonomy>
		<wp:term_slug><![CDATA[simple]]></wp:term_slug>
		<wp:term_parent><![CDATA[]]></wp:term_parent>
		<wp:term_name><![CDATA[simple]]></wp:term_name>
	</wp:term>
	<wp:term>
		<wp:term_id><![CDATA[31]]></wp:term_id>
		<wp:term_taxonomy><![CDATA[product_cat]]></wp:term_taxonomy>
		<wp:term_slug><![CDATA[uncategorized]]></wp:term_slug>
		<wp:term_parent><![CDATA[]]></wp:term_parent>
		<wp:term_name><![CDATA[Uncategorized]]></wp:term_name>
	</wp:term>
	<wp:term>
		<wp:term_id><![CDATA[10]]></wp:term_id>
		<wp:term_taxonomy><![CDATA[product_type]]></wp:term_taxonomy>
		<wp:term_slug><![CDATA[variable]]></wp:term_slug>
		<wp:term_parent><![CDATA[]]></wp:term_parent>
		<wp:term_name><![CDATA[variable]]></wp:term_name>
	</wp:term>
	<wp:term>
		<wp:term_id><![CDATA[15]]></wp:term_id>
		<wp:term_taxonomy><![CDATA[product_cat]]></wp:term_taxonomy>
		<wp:term_slug><![CDATA[clothing]]></wp:term_slug>
		<wp:term_parent><![CDATA[]]></wp:term_parent>
		<wp:term_name><![CDATA[Clothing]]></wp:term_name>
		<wp:termmeta>
			<wp:meta_key><![CDATA[order]]></wp:meta_key>
			<wp:meta_value><![CDATA[0]]></wp:meta_value>
		</wp:termmeta>
		<wp:termmeta>
			<wp:meta_key><![CDATA[product_count_product_cat]]></wp:meta_key>
			<wp:meta_value><![CDATA[12]]></wp:meta_value>
		</wp:termmeta>
	</wp:term>
	<wp:term>
		<wp:term_id><![CDATA[16]]></wp:term_id>
		<wp:term_taxonomy><![CDATA[product_cat]]></wp:term_taxonomy>
		<wp:term_slug><![CDATA[hoodies]]></wp:term_slug>
		<wp:term_parent><![CDATA[clothing]]></wp:term_parent>
		<wp:term_name><![CDATA[Hoodies]]></wp:term_name>
		<wp:termmeta>
			<wp:meta_key><![CDATA[order]]></wp:meta_key>
			<wp:meta_value><![CDATA[0]]></wp:meta_value>
		</wp:termmeta>
		<wp:termmeta>
			<wp:meta_key><![CDATA[product_count_product_cat]]></wp:meta_key>
			<wp:meta_value><![CDATA[6]]></wp:meta_value>
		</wp:termmeta>
	</wp:term>
	<wp:term>
		<wp:term_id><![CDATA[17]]></wp:term_id>
		<wp:term_taxonomy><![CDATA[product_cat]]></wp:term_taxonomy>
		<wp:term_slug><![CDATA[music]]></wp:term_slug>
		<wp:term_parent><![CDATA[]]></wp:term_parent>
		<wp:term_name><![CDATA[Music]]></wp:term_name>
		<wp:termmeta>
			<wp:meta_key><![CDATA[order]]></wp:meta_key>
			<wp:meta_value><![CDATA[0]]></wp:meta_value>
		</wp:termmeta>
		<wp:termmeta>
			<wp:meta_key><![CDATA[product_count_product_cat]]></wp:meta_key>
			<wp:meta_value><![CDATA[6]]></wp:meta_value>
		</wp:termmeta>
	</wp:term>
	<wp:term>
		<wp:term_id><![CDATA[18]]></wp:term_id>
		<wp:term_taxonomy><![CDATA[product_cat]]></wp:term_taxonomy>
		<wp:term_slug><![CDATA[posters]]></wp:term_slug>
		<wp:term_parent><![CDATA[]]></wp:term_parent>
		<wp:term_name><![CDATA[Posters]]></wp:term_name>
		<wp:termmeta>
			<wp:meta_key><![CDATA[order]]></wp:meta_key>
			<wp:meta_value><![CDATA[0]]></wp:meta_value>
		</wp:termmeta>
		<wp:termmeta>
			<wp:meta_key><![CDATA[product_count_product_cat]]></wp:meta_key>
			<wp:meta_value><![CDATA[5]]></wp:meta_value>
		</wp:termmeta>
	</wp:term>
	<wp:term>
		<wp:term_id><![CDATA[19]]></wp:term_id>
		<wp:term_taxonomy><![CDATA[product_cat]]></wp:term_taxonomy>
		<wp:term_slug><![CDATA[singles]]></wp:term_slug>
		<wp:term_parent><![CDATA[music]]></wp:term_parent>
		<wp:term_name><![CDATA[Singles]]></wp:term_name>
		<wp:termmeta>
			<wp:meta_key><![CDATA[order]]></wp:meta_key>
			<wp:meta_value><![CDATA[0]]></wp:meta_value>
		</wp:termmeta>
		<wp:termmeta>
			<wp:meta_key><![CDATA[product_count_product_cat]]></wp:meta_key>
			<wp:meta_value><![CDATA[2]]></wp:meta_value>
		</wp:termmeta>
	</wp:term>
	<wp:term>
		<wp:term_id><![CDATA[20]]></wp:term_id>
		<wp:term_taxonomy><![CDATA[product_cat]]></wp:term_taxonomy>
		<wp:term_slug><![CDATA[t-shirts]]></wp:term_slug>
		<wp:term_parent><![CDATA[clothing]]></wp:term_parent>
		<wp:term_name><![CDATA[T-shirts]]></wp:term_name>
		<wp:termmeta>
			<wp:meta_key><![CDATA[order]]></wp:meta_key>
			<wp:meta_value><![CDATA[0]]></wp:meta_value>
		</wp:termmeta>
		<wp:termmeta>
			<wp:meta_key><![CDATA[product_count_product_cat]]></wp:meta_key>
			<wp:meta_value><![CDATA[6]]></wp:meta_value>
		</wp:termmeta>
	</wp:term>
	<wp:term>
		<wp:term_id><![CDATA[21]]></wp:term_id>
		<wp:term_taxonomy><![CDATA[product_cat]]></wp:term_taxonomy>
		<wp:term_slug><![CDATA[albums]]></wp:term_slug>
		<wp:term_parent><![CDATA[music]]></wp:term_parent>
		<wp:term_name><![CDATA[Albums]]></wp:term_name>
		<wp:termmeta>
			<wp:meta_key><![CDATA[order]]></wp:meta_key>
			<wp:meta_value><![CDATA[0]]></wp:meta_value>
		</wp:termmeta>
		<wp:termmeta>
			<wp:meta_key><![CDATA[product_count_product_cat]]></wp:meta_key>
			<wp:meta_value><![CDATA[4]]></wp:meta_value>
		</wp:termmeta>
	</wp:term>
	<wp:term><wp:term_id>6</wp:term_id><wp:term_taxonomy>nav_menu</wp:term_taxonomy><wp:term_slug><![CDATA[footer-menu]]></wp:term_slug><wp:term_name><![CDATA[Footer Menu]]></wp:term_name>
</wp:term>
	<wp:term><wp:term_id>7</wp:term_id><wp:term_taxonomy>nav_menu</wp:term_taxonomy><wp:term_slug><![CDATA[main-menu]]></wp:term_slug><wp:term_name><![CDATA[Main Menu]]></wp:term_name>
</wp:term>

	<generator>https://wordpress.org/?v=4.9.5</generator>

	
	<item>
		<title>Contact form 1</title>
		<link>http://themes.webdevia.com/flooring/?post_type=wpcf7_contact_form&#038;p=16</link>
		<pubDate>Fri, 27 Nov 2015 17:02:17 +0000</pubDate>
		<dc:creator><![CDATA[root]]></dc:creator>
		<guid isPermaLink="false">http://themes.webdevia.com/solar-wp/?post_type=wpcf7_contact_form&#038;p=16</guid>
		<description></description>
		<content:encoded><![CDATA[<p>Your Name (required)<br />
    [text* your-name] </p>

<p>Your Email (required)<br />
    [email* your-email] </p>

<p>Subject<br />
    [text your-subject] </p>

<p>Your Message<br />
    [textarea your-message] </p>

<p>[submit "Send"]</p>
[your-subject]
[your-name] <admin@themes.webdevia.com>
From: [your-name] <[your-email]>
Subject: [your-subject]

Message Body:
[your-message]

--
This e-mail was sent from a contact form on solar (http://themes.webdevia.com/solar-wp)
admin@themes.webdevia.com
Reply-To: [your-email]

0
0

[your-subject]
solar <admin@themes.webdevia.com>
Message Body:
[your-message]

--
This e-mail was sent from a contact form on solar (http://themes.webdevia.com/solar-wp)
[your-email]
Reply-To: admin@themes.webdevia.com

0
0
Your message was sent successfully. Thanks.
Failed to send your message. Please try later or contact the administrator by another method.
Validation errors occurred. Please confirm the fields and submit it again.
Failed to send your message. Please try later or contact the administrator by another method.
Please accept the terms to proceed.
Please fill in the required field.
This input is too long.
This input is too short.]]></content:encoded>
		<excerpt:encoded><![CDATA[]]></excerpt:encoded>
		<wp:post_id>16</wp:post_id>
		<wp:post_date><![CDATA[2015-11-27 17:02:17]]></wp:post_date>
		<wp:post_date_gmt><![CDATA[2015-11-27 17:02:17]]></wp:post_date_gmt>
		<wp:comment_status><![CDATA[closed]]></wp:comment_status>
		<wp:ping_status><![CDATA[closed]]></wp:ping_status>
		<wp:post_name><![CDATA[contact-form-1-2]]></wp:post_name>
		<wp:status><![CDATA[publish]]></wp:status>
		<wp:post_parent>0</wp:post_parent>
		<wp:menu_order>0</wp:menu_order>
		<wp:post_type><![CDATA[wpcf7_contact_form]]></wp:post_type>
		<wp:post_password><![CDATA[]]></wp:post_password>
		<wp:is_sticky>0</wp:is_sticky>
		<wp:postmeta>
			<wp:meta_key><![CDATA[_vc_post_settings]]></wp:meta_key>
			<wp:meta_value><![CDATA[a:1:{s:10:"vc_grid_id";a:0:{}}]]></wp:meta_value>
		</wp:postmeta>
		<wp:postmeta>
			<wp:meta_key><![CDATA[_mail]]></wp:meta_key>
			<wp:meta_value><![CDATA[a:8:{s:7:"subject";s:14:"[your-subject]";s:6:"sender";s:39:"[your-name] <admin@themes.webdevia.com>";s:4:"body";s:178:"From: [your-name] <[your-email]>
Subject: [your-subject]

Message Body:
[your-message]

--
This e-mail was sent from a contact form on solar (http://themes.webdevia.com/solar-wp)";s:9:"recipient";s:25:"admin@themes.webdevia.com";s:18:"additional_headers";s:22:"Reply-To: [your-email]";s:11:"attachments";s:0:"";s:8:"use_html";i:0;s:13:"exclude_blank";i:0;}]]></wp:meta_value>
		</wp:postmeta>
		<wp:postmeta>
			<wp:meta_key><![CDATA[_vc_post_settings]]></wp:meta_key>
			<wp:meta_value><![CDATA[a:1:{s:10:"vc_grid_id";a:0:{}}]]></wp:meta_value>
		</wp:postmeta>
		<wp:postmeta>
			<wp:meta_key><![CDATA[_form]]></wp:meta_key>
			<wp:meta_value><![CDATA[<p>Your Name (required)<br />
    [text* your-name] </p>

<p>Your Email (required)<br />
    [email* your-email] </p>

<p>Subject<br />
    [text your-subject] </p>

<p>Your Message<br />
    [textarea your-message] </p>

<p>[submit "Send"]</p>]]></wp:meta_value>
		</wp:postmeta>
		<wp:postmeta>
			<wp:meta_key><![CDATA[_mail_2]]></wp:meta_key>
			<wp:meta_value><![CDATA[a:9:{s:6:"active";b:0;s:7:"subject";s:14:"[your-subject]";s:6:"sender";s:33:"solar <admin@themes.webdevia.com>";s:4:"body";s:120:"Message Body:
[your-message]

--
This e-mail was sent from a contact form on solar (http://themes.webdevia.com/solar-wp)";s:9:"recipient";s:12:"[your-email]";s:18:"additional_headers";s:35:"Reply-To: admin@themes.webdevia.com";s:11:"attachments";s:0:"";s:8:"use_html";i:0;s:13:"exclude_blank";i:0;}]]></wp:meta_value>
		</wp:postmeta>
		<wp:postmeta>
			<wp:meta_key><![CDATA[_messages]]></wp:meta_key>
			<wp:meta_value><![CDATA[a:8:{s:12:"mail_sent_ok";s:43:"Your message was sent successfully. Thanks.";s:12:"mail_sent_ng";s:93:"Failed to send your message. Please try later or contact the administrator by another method.";s:16:"validation_error";s:74:"Validation errors occurred. Please confirm the fields and submit it again.";s:4:"spam";s:93:"Failed to send your message. Please try later or contact the administrator by another method.";s:12:"accept_terms";s:35:"Please accept the terms to proceed.";s:16:"invalid_required";s:34:"Please fill in the required field.";s:16:"invalid_too_long";s:23:"This input is too long.";s:17:"invalid_too_short";s:24:"This input is too short.";}]]></wp:meta_value>
		</wp:postmeta>
		<wp:postmeta>
			<wp:meta_key><![CDATA[_additional_settings]]></wp:meta_key>
			<wp:meta_value><![CDATA[]]></wp:meta_value>
		</wp:postmeta>
		<wp:postmeta>
			<wp:meta_key><![CDATA[_locale]]></wp:meta_key>
			<wp:meta_value><![CDATA[en_US]]></wp:meta_value>
		</wp:postmeta>
	</item>

	<item>
		<title>Ship Your Idea - Blue</title>
		<link>http://themes.webdevia.com/flooring/product/ship-your-idea-2/?attribute_pa_color=blue</link>
		<pubDate>Fri, 07 Jun 2013 10:59:15 +0000</pubDate>
		<dc:creator><![CDATA[root]]></dc:creator>
		<guid isPermaLink="false">http://demo.woothemes.com/woocommerce/?product_variation=product-40-variation-2</guid>
		<description></description>
		<content:encoded><![CDATA[]]></content:encoded>
		<excerpt:encoded><![CDATA[]]></excerpt:encoded>
		<wp:post_id>42</wp:post_id>
		<wp:post_date><![CDATA[2013-06-07 10:59:15]]></wp:post_date>
		<wp:post_date_gmt><![CDATA[2013-06-07 10:59:15]]></wp:post_date_gmt>
		<wp:comment_status><![CDATA[open]]></wp:comment_status>
		<wp:ping_status><![CDATA[open]]></wp:ping_status>
		<wp:post_name><![CDATA[product-40-variation-2]]></wp:post_name>
		<wp:status><![CDATA[publish]]></wp:status>
		<wp:post_parent>40</wp:post_parent>
		<wp:menu_order>1</wp:menu_order>
		<wp:post_type><![CDATA[product_variation]]></wp:post_type>
		<wp:post_password><![CDATA[]]></wp:post_password>
		<wp:is_sticky>0</wp:is_sticky>
		<wp:postmeta>
			<wp:meta_key><![CDATA[_vc_post_settings]]></wp:meta_key>
			<wp:meta_value><![CDATA[a:1:{s:10:"vc_grid_id";a:0:{}}]]></wp:meta_value>
		</wp:postmeta>
		<wp:postmeta>
			<wp:meta_key><![CDATA[_sku]]></wp:meta_key>
			<wp:meta_value><![CDATA[]]></wp:meta_value>
		</wp:postmeta>
		<wp:postmeta>
			<wp:meta_key><![CDATA[_weight]]></wp:meta_key>
			<wp:meta_value><![CDATA[]]></wp:meta_value>
		</wp:postmeta>
		<wp:postmeta>
			<wp:meta_key><![CDATA[_length]]></wp:meta_key>
			<wp:meta_value><![CDATA[]]></wp:meta_value>
		</wp:postmeta>
		<wp:postmeta>
			<wp:meta_key><![CDATA[_width]]></wp:meta_key>
			<wp:meta_value><![CDATA[]]></wp:meta_value>
		</wp:postmeta>
		<wp:postmeta>
			<wp:meta_key><![CDATA[_height]]></wp:meta_key>
			<wp:meta_value><![CDATA[]]></wp:meta_value>
		</wp:postmeta>
		<wp:postmeta>
			<wp:meta_key><![CDATA[_stock]]></wp:meta_key>
			<wp:meta_value><![CDATA[]]></wp:meta_value>
		</wp:postmeta>
		<wp:postmeta>
			<wp:meta_key><![CDATA[_thumbnail_id]]></wp:meta_key>
			<wp:meta_value><![CDATA[46]]></wp:meta_value>
		</wp:postmeta>
		<wp:postmeta>
			<wp:meta_key><![CDATA[_virtual]]></wp:meta_key>
			<wp:meta_value><![CDATA[no]]></wp:meta_value>
		</wp:postmeta>
		<wp:postmeta>
			<wp:meta_key><![CDATA[_downloadable]]></wp:meta_key>
			<wp:meta_value><![CDATA[no]]></wp:meta_value>
		</wp:postmeta>
		<wp:postmeta>
			<wp:meta_key><![CDATA[_regular_price]]></wp:meta_key>
			<wp:meta_value><![CDATA[35]]></wp:meta_value>
		</wp:postmeta>
		<wp:postmeta>
			<wp:meta_key><![CDATA[_sale_price]]></wp:meta_key>
			<wp:meta_value><![CDATA[30]]></wp:meta_value>
		</wp:postmeta>
		<wp:postmeta>
			<wp:meta_key><![CDATA[_sale_price_dates_from]]></wp:meta_key>
			<wp:meta_value><![CDATA[]]></wp:meta_value>
		</wp:postmeta>
		<wp:postmeta>
			<wp:meta_key><![CDATA[_sale_price_dates_to]]></wp:meta_key>
			<wp:meta_value><![CDATA[]]></wp:meta_value>
		</wp:postmeta>
		<wp:postmeta>
			<wp:meta_key><![CDATA[_price]]></wp:meta_key>
			<wp:meta_value><![CDATA[30]]></wp:meta_value>
		</wp:postmeta>
		<wp:postmeta>
			<wp:meta_key><![CDATA[_tax_class]]></wp:meta_key>
			<wp:meta_value><![CDATA[]]></wp:meta_value>
		</wp:postmeta>
		<wp:postmeta>
			<wp:meta_key><![CDATA[_download_limit]]></wp:meta_key>
			<wp:meta_value><![CDATA[]]></wp:meta_value>
		</wp:postmeta>
		<wp:postmeta>
			<wp:meta_key><![CDATA[_download_expiry]]></wp:meta_key>
			<wp:meta_value><![CDATA[]]></wp:meta_value>
		</wp:postmeta>
		<wp:postmeta>
			<wp:meta_key><![CDATA[_file_paths]]></wp:meta_key>
			<wp:meta_value><![CDATA[]]></wp:meta_value>
		</wp:postmeta>
		<wp:postmeta>
			<wp:meta_key><![CDATA[attribute_pa_color]]></wp:meta_key>
			<wp:meta_value><![CDATA[blue]]></wp:meta_value>
		</wp:postmeta>
	</item>

	<item>
		<title>Aleen Valzac</title>
		<link>http://themes.webdevia.com/flooring/testimonials/aleen-valzac/</link>
		<pubDate>Fri, 27 Nov 2015 19:54:22 +0000</pubDate>
		<dc:creator><![CDATA[root]]></dc:creator>
		<guid isPermaLink="false">http://themes.webdevia.com/solar-wp/?post_type=testimonials&#038;p=565</guid>
		<description></description>
		<content:encoded><![CDATA[]]></content:encoded>
		<excerpt:encoded><![CDATA[Lorem Ipsum is simply dummy text of the printing and typesetting industry. Lorem Ipsum has been the industry’s standard dummy text ever since the 1500s, when an unknown printer took a galley of type and scrambled it to make a type specimen book.]]></excerpt:encoded>
		<wp:post_id>565</wp:post_id>
		<wp:post_date><![CDATA[2015-11-27 19:54:22]]></wp:post_date>
		<wp:post_date_gmt><![CDATA[2015-11-27 19:54:22]]></wp:post_date_gmt>
		<wp:comment_status><![CDATA[closed]]></wp:comment_status>
		<wp:ping_status><![CDATA[closed]]></wp:ping_status>
		<wp:post_name><![CDATA[aleen-valzac]]></wp:post_name>
		<wp:status><![CDATA[publish]]></wp:status>
		<wp:post_parent>0</wp:post_parent>
		<wp:menu_order>0</wp:menu_order>
		<wp:post_type><![CDATA[testimonials]]></wp:post_type>
		<wp:post_password><![CDATA[]]></wp:post_password>
		<wp:is_sticky>0</wp:is_sticky>
		<wp:postmeta>
			<wp:meta_key><![CDATA[testimonail_image]]></wp:meta_key>
			<wp:meta_value><![CDATA[http://themes.webdevia.com/solar-wp/wp-content/uploads/2015/11/team-2.jpg]]></wp:meta_value>
		</wp:postmeta>
		<wp:postmeta>
			<wp:meta_key><![CDATA[_vc_post_settings]]></wp:meta_key>
			<wp:meta_value><![CDATA[a:1:{s:10:"vc_grid_id";a:0:{}}]]></wp:meta_value>
		</wp:postmeta>
		<wp:postmeta>
			<wp:meta_key><![CDATA[_vc_post_settings]]></wp:meta_key>
			<wp:meta_value><![CDATA[a:2:{s:7:"vc_grid";a:0:{}s:10:"vc_grid_id";a:0:{}}]]></wp:meta_value>
		</wp:postmeta>
		<wp:postmeta>
			<wp:meta_key><![CDATA[_vc_post_settings]]></wp:meta_key>
			<wp:meta_value><![CDATA[a:1:{s:10:"vc_grid_id";a:0:{}}]]></wp:meta_value>
		</wp:postmeta>
		<wp:postmeta>
			<wp:meta_key><![CDATA[job_title]]></wp:meta_key>
			<wp:meta_value><![CDATA[UI Designer]]></wp:meta_value>
		</wp:postmeta>
		<wp:postmeta>
			<wp:meta_key><![CDATA[slide_template]]></wp:meta_key>
			<wp:meta_value><![CDATA[default]]></wp:meta_value>
		</wp:postmeta>
	</item>

	<item>
		<title>Alex Joan</title>
		<link>http://themes.webdevia.com/flooring/testimonials/alex-joan/</link>
		<pubDate>Fri, 27 Nov 2015 19:55:14 +0000</pubDate>
		<dc:creator><![CDATA[root]]></dc:creator>
		<guid isPermaLink="false">http://themes.webdevia.com/solar-wp/?post_type=testimonials&#038;p=569</guid>
		<description></description>
		<content:encoded><![CDATA[]]></content:encoded>
		<excerpt:encoded><![CDATA[Lorem Ipsum is simply dummy text of the printing and typesetting industry. Lorem Ipsum has been the industry’s standard dummy text ever since the 1500s, when an unknown printer took a galley of type and scrambled it to make a type specimen book.]]></excerpt:encoded>
		<wp:post_id>569</wp:post_id>
		<wp:post_date><![CDATA[2015-11-27 19:55:14]]></wp:post_date>
		<wp:post_date_gmt><![CDATA[2015-11-27 19:55:14]]></wp:post_date_gmt>
		<wp:comment_status><![CDATA[closed]]></wp:comment_status>
		<wp:ping_status><![CDATA[closed]]></wp:ping_status>
		<wp:post_name><![CDATA[alex-joan]]></wp:post_name>
		<wp:status><![CDATA[publish]]></wp:status>
		<wp:post_parent>0</wp:post_parent>
		<wp:menu_order>0</wp:menu_order>
		<wp:post_type><![CDATA[testimonials]]></wp:post_type>
		<wp:post_password><![CDATA[]]></wp:post_password>
		<wp:is_sticky>0</wp:is_sticky>
		<wp:postmeta>
			<wp:meta_key><![CDATA[_vc_post_settings]]></wp:meta_key>
			<wp:meta_value><![CDATA[a:1:{s:10:"vc_grid_id";a:0:{}}]]></wp:meta_value>
		</wp:postmeta>
		<wp:postmeta>
			<wp:meta_key><![CDATA[_vc_post_settings]]></wp:meta_key>
			<wp:meta_value><![CDATA[a:1:{s:10:"vc_grid_id";a:0:{}}]]></wp:meta_value>
		</wp:postmeta>
		<wp:postmeta>
			<wp:meta_key><![CDATA[_vc_post_settings]]></wp:meta_key>
			<wp:meta_value><![CDATA[a:2:{s:7:"vc_grid";a:0:{}s:10:"vc_grid_id";a:0:{}}]]></wp:meta_value>
		</wp:postmeta>
		<wp:postmeta>
			<wp:meta_key><![CDATA[testimonail_image]]></wp:meta_key>
			<wp:meta_value><![CDATA[http://themes.webdevia.com/solar-wp/wp-content/uploads/2015/11/team-3.jpg]]></wp:meta_value>
		</wp:postmeta>
		<wp:postmeta>
			<wp:meta_key><![CDATA[job_title]]></wp:meta_key>
			<wp:meta_value><![CDATA[Project manager]]></wp:meta_value>
		</wp:postmeta>
		<wp:postmeta>
			<wp:meta_key><![CDATA[slide_template]]></wp:meta_key>
			<wp:meta_value><![CDATA[default]]></wp:meta_value>
		</wp:postmeta>
	</item>

	<item>
		<title>John Harris</title>
		<link>http://themes.webdevia.com/flooring/testimonials/john-harris/</link>
		<pubDate>Fri, 27 Nov 2015 19:56:06 +0000</pubDate>
		<dc:creator><![CDATA[root]]></dc:creator>
		<guid isPermaLink="false">http://themes.webdevia.com/solar-wp/?post_type=testimonials&#038;p=570</guid>
		<description></description>
		<content:encoded><![CDATA[]]></content:encoded>
		<excerpt:encoded><![CDATA[Lorem Ipsum is simply dummy text of the printing and typesetting industry. Lorem Ipsum has been the industry’s standard dummy text ever since the 1500s, when an unknown printer took a galley of type and scrambled it to make a type specimen book.]]></excerpt:encoded>
		<wp:post_id>570</wp:post_id>
		<wp:post_date><![CDATA[2015-11-27 19:56:06]]></wp:post_date>
		<wp:post_date_gmt><![CDATA[2015-11-27 19:56:06]]></wp:post_date_gmt>
		<wp:comment_status><![CDATA[closed]]></wp:comment_status>
		<wp:ping_status><![CDATA[closed]]></wp:ping_status>
		<wp:post_name><![CDATA[john-harris]]></wp:post_name>
		<wp:status><![CDATA[publish]]></wp:status>
		<wp:post_parent>0</wp:post_parent>
		<wp:menu_order>0</wp:menu_order>
		<wp:post_type><![CDATA[testimonials]]></wp:post_type>
		<wp:post_password><![CDATA[]]></wp:post_password>
		<wp:is_sticky>0</wp:is_sticky>
		<wp:postmeta>
			<wp:meta_key><![CDATA[_vc_post_settings]]></wp:meta_key>
			<wp:meta_value><![CDATA[a:1:{s:10:"vc_grid_id";a:0:{}}]]></wp:meta_value>
		</wp:postmeta>
		<wp:postmeta>
			<wp:meta_key><![CDATA[_vc_post_settings]]></wp:meta_key>
			<wp:meta_value><![CDATA[a:1:{s:10:"vc_grid_id";a:0:{}}]]></wp:meta_value>
		</wp:postmeta>
		<wp:postmeta>
			<wp:meta_key><![CDATA[_vc_post_settings]]></wp:meta_key>
			<wp:meta_value><![CDATA[a:2:{s:7:"vc_grid";a:0:{}s:10:"vc_grid_id";a:0:{}}]]></wp:meta_value>
		</wp:postmeta>
		<wp:postmeta>
			<wp:meta_key><![CDATA[testimonail_image]]></wp:meta_key>
			<wp:meta_value><![CDATA[http://themes.webdevia.com/solar-wp/wp-content/uploads/2015/11/team-1.jpg]]></wp:meta_value>
		</wp:postmeta>
		<wp:postmeta>
			<wp:meta_key><![CDATA[job_title]]></wp:meta_key>
			<wp:meta_value><![CDATA[Product Manager]]></wp:meta_value>
		</wp:postmeta>
		<wp:postmeta>
			<wp:meta_key><![CDATA[slide_template]]></wp:meta_key>
			<wp:meta_value><![CDATA[default]]></wp:meta_value>
		</wp:postmeta>
	</item>

	<item>
		<title>Nathaneal Down</title>
		<link>http://themes.webdevia.com/flooring/team-member/nathaneal-down/</link>
		<pubDate>Mon, 30 Nov 2015 18:24:12 +0000</pubDate>
		<dc:creator><![CDATA[root]]></dc:creator>
		<guid isPermaLink="false">http://themes.webdevia.com/solar-wp/?post_type=team-member&#038;p=604</guid>
		<description></description>
		<content:encoded><![CDATA[]]></content:encoded>
		<excerpt:encoded><![CDATA[]]></excerpt:encoded>
		<wp:post_id>604</wp:post_id>
		<wp:post_date><![CDATA[2015-11-30 18:24:12]]></wp:post_date>
		<wp:post_date_gmt><![CDATA[2015-11-30 18:24:12]]></wp:post_date_gmt>
		<wp:comment_status><![CDATA[closed]]></wp:comment_status>
		<wp:ping_status><![CDATA[closed]]></wp:ping_status>
		<wp:post_name><![CDATA[nathaneal-down]]></wp:post_name>
		<wp:status><![CDATA[publish]]></wp:status>
		<wp:post_parent>0</wp:post_parent>
		<wp:menu_order>0</wp:menu_order>
		<wp:post_type><![CDATA[team-member]]></wp:post_type>
		<wp:post_password><![CDATA[]]></wp:post_password>
		<wp:is_sticky>0</wp:is_sticky>
		<wp:postmeta>
			<wp:meta_key><![CDATA[_vc_post_settings]]></wp:meta_key>
			<wp:meta_value><![CDATA[a:1:{s:10:"vc_grid_id";a:0:{}}]]></wp:meta_value>
		</wp:postmeta>
		<wp:postmeta>
			<wp:meta_key><![CDATA[_vc_post_settings]]></wp:meta_key>
			<wp:meta_value><![CDATA[a:1:{s:10:"vc_grid_id";a:0:{}}]]></wp:meta_value>
		</wp:postmeta>
		<wp:postmeta>
			<wp:meta_key><![CDATA[_vc_post_settings]]></wp:meta_key>
			<wp:meta_value><![CDATA[a:1:{s:10:"vc_grid_id";a:0:{}}]]></wp:meta_value>
		</wp:postmeta>
		<wp:postmeta>
			<wp:meta_key><![CDATA[picture]]></wp:meta_key>
			<wp:meta_value><![CDATA[http://themes.webdevia.com/flooring/wp-content/uploads/2017/01/team-11.jpg]]></wp:meta_value>
		</wp:postmeta>
		<wp:postmeta>
			<wp:meta_key><![CDATA[description]]></wp:meta_key>
			<wp:meta_value><![CDATA[Logan grew up in a household where design was very important. His father was a chief furniture deisgn for]]></wp:meta_value>
		</wp:postmeta>
		<wp:postmeta>
			<wp:meta_key><![CDATA[slide_template]]></wp:meta_key>
			<wp:meta_value><![CDATA[default]]></wp:meta_value>
		</wp:postmeta>
		<wp:postmeta>
			<wp:meta_key><![CDATA[_wp_old_slug]]></wp:meta_key>
			<wp:meta_value><![CDATA[residential]]></wp:meta_value>
		</wp:postmeta>
		<wp:postmeta>
			<wp:meta_key><![CDATA[_edit_last]]></wp:meta_key>
			<wp:meta_value><![CDATA[1]]></wp:meta_value>
		</wp:postmeta>
	</item>

	<item>
		<title>Chauffina Carr</title>
		<link>http://themes.webdevia.com/flooring/team-member/chauffina-carr/</link>
		<pubDate>Mon, 30 Nov 2015 18:33:39 +0000</pubDate>
		<dc:creator><![CDATA[root]]></dc:creator>
		<guid isPermaLink="false">http://themes.webdevia.com/solar-wp/?post_type=team-member&#038;p=608</guid>
		<description></description>
		<content:encoded><![CDATA[]]></content:encoded>
		<excerpt:encoded><![CDATA[]]></excerpt:encoded>
		<wp:post_id>608</wp:post_id>
		<wp:post_date><![CDATA[2015-11-30 18:33:39]]></wp:post_date>
		<wp:post_date_gmt><![CDATA[2015-11-30 18:33:39]]></wp:post_date_gmt>
		<wp:comment_status><![CDATA[closed]]></wp:comment_status>
		<wp:ping_status><![CDATA[closed]]></wp:ping_status>
		<wp:post_name><![CDATA[chauffina-carr]]></wp:post_name>
		<wp:status><![CDATA[publish]]></wp:status>
		<wp:post_parent>0</wp:post_parent>
		<wp:menu_order>0</wp:menu_order>
		<wp:post_type><![CDATA[team-member]]></wp:post_type>
		<wp:post_password><![CDATA[]]></wp:post_password>
		<wp:is_sticky>0</wp:is_sticky>
		<wp:postmeta>
			<wp:meta_key><![CDATA[_vc_post_settings]]></wp:meta_key>
			<wp:meta_value><![CDATA[a:1:{s:10:"vc_grid_id";a:0:{}}]]></wp:meta_value>
		</wp:postmeta>
		<wp:postmeta>
			<wp:meta_key><![CDATA[_vc_post_settings]]></wp:meta_key>
			<wp:meta_value><![CDATA[a:1:{s:10:"vc_grid_id";a:0:{}}]]></wp:meta_value>
		</wp:postmeta>
		<wp:postmeta>
			<wp:meta_key><![CDATA[_vc_post_settings]]></wp:meta_key>
			<wp:meta_value><![CDATA[a:1:{s:10:"vc_grid_id";a:0:{}}]]></wp:meta_value>
		</wp:postmeta>
		<wp:postmeta>
			<wp:meta_key><![CDATA[picture]]></wp:meta_key>
			<wp:meta_value><![CDATA[http://themes.webdevia.com/flooring/wp-content/uploads/2017/01/team-12.jpg]]></wp:meta_value>
		</wp:postmeta>
		<wp:postmeta>
			<wp:meta_key><![CDATA[description]]></wp:meta_key>
			<wp:meta_value><![CDATA[Logan grew up in a household where design was very important. His father was a chief furniture deisgn for]]></wp:meta_value>
		</wp:postmeta>
		<wp:postmeta>
			<wp:meta_key><![CDATA[slide_template]]></wp:meta_key>
			<wp:meta_value><![CDATA[default]]></wp:meta_value>
		</wp:postmeta>
		<wp:postmeta>
			<wp:meta_key><![CDATA[_wp_old_slug]]></wp:meta_key>
			<wp:meta_value><![CDATA[residential-3]]></wp:meta_value>
		</wp:postmeta>
		<wp:postmeta>
			<wp:meta_key><![CDATA[_edit_last]]></wp:meta_key>
			<wp:meta_value><![CDATA[1]]></wp:meta_value>
		</wp:postmeta>
	</item>

	<item>
		<title>Bodrum Salvador</title>
		<link>http://themes.webdevia.com/flooring/team-member/bodrum-salvador/</link>
		<pubDate>Mon, 30 Nov 2015 18:32:53 +0000</pubDate>
		<dc:creator><![CDATA[root]]></dc:creator>
		<guid isPermaLink="false">http://themes.webdevia.com/solar-wp/?post_type=team-member&#038;p=609</guid>
		<description></description>
		<content:encoded><![CDATA[]]></content:encoded>
		<excerpt:encoded><![CDATA[]]></excerpt:encoded>
		<wp:post_id>609</wp:post_id>
		<wp:post_date><![CDATA[2015-11-30 18:32:53]]></wp:post_date>
		<wp:post_date_gmt><![CDATA[2015-11-30 18:32:53]]></wp:post_date_gmt>
		<wp:comment_status><![CDATA[closed]]></wp:comment_status>
		<wp:ping_status><![CDATA[closed]]></wp:ping_status>
		<wp:post_name><![CDATA[bodrum-salvador]]></wp:post_name>
		<wp:status><![CDATA[publish]]></wp:status>
		<wp:post_parent>0</wp:post_parent>
		<wp:menu_order>0</wp:menu_order>
		<wp:post_type><![CDATA[team-member]]></wp:post_type>
		<wp:post_password><![CDATA[]]></wp:post_password>
		<wp:is_sticky>0</wp:is_sticky>
		<wp:postmeta>
			<wp:meta_key><![CDATA[_vc_post_settings]]></wp:meta_key>
			<wp:meta_value><![CDATA[a:1:{s:10:"vc_grid_id";a:0:{}}]]></wp:meta_value>
		</wp:postmeta>
		<wp:postmeta>
			<wp:meta_key><![CDATA[_vc_post_settings]]></wp:meta_key>
			<wp:meta_value><![CDATA[a:1:{s:10:"vc_grid_id";a:0:{}}]]></wp:meta_value>
		</wp:postmeta>
		<wp:postmeta>
			<wp:meta_key><![CDATA[_vc_post_settings]]></wp:meta_key>
			<wp:meta_value><![CDATA[a:1:{s:10:"vc_grid_id";a:0:{}}]]></wp:meta_value>
		</wp:postmeta>
		<wp:postmeta>
			<wp:meta_key><![CDATA[picture]]></wp:meta_key>
			<wp:meta_value><![CDATA[http://themes.webdevia.com/flooring/wp-content/uploads/2017/01/team-10.jpg]]></wp:meta_value>
		</wp:postmeta>
		<wp:postmeta>
			<wp:meta_key><![CDATA[description]]></wp:meta_key>
			<wp:meta_value><![CDATA[Logan grew up in a household where design was very important. His father was a chief furniture deisgn for]]></wp:meta_value>
		</wp:postmeta>
		<wp:postmeta>
			<wp:meta_key><![CDATA[slide_template]]></wp:meta_key>
			<wp:meta_value><![CDATA[default]]></wp:meta_value>
		</wp:postmeta>
		<wp:postmeta>
			<wp:meta_key><![CDATA[_wp_old_slug]]></wp:meta_key>
			<wp:meta_value><![CDATA[609]]></wp:meta_value>
		</wp:postmeta>
		<wp:postmeta>
			<wp:meta_key><![CDATA[_edit_last]]></wp:meta_key>
			<wp:meta_value><![CDATA[1]]></wp:meta_value>
		</wp:postmeta>
	</item>

	<item>
		<title>Parsley Montana</title>
		<link>http://themes.webdevia.com/flooring/team-member/parsley-montana/</link>
		<pubDate>Mon, 30 Nov 2015 18:33:35 +0000</pubDate>
		<dc:creator><![CDATA[root]]></dc:creator>
		<guid isPermaLink="false">http://themes.webdevia.com/solar-wp/?post_type=team-member&#038;p=610</guid>
		<description></description>
		<content:encoded><![CDATA[]]></content:encoded>
		<excerpt:encoded><![CDATA[]]></excerpt:encoded>
		<wp:post_id>610</wp:post_id>
		<wp:post_date><![CDATA[2015-11-30 18:33:35]]></wp:post_date>
		<wp:post_date_gmt><![CDATA[2015-11-30 18:33:35]]></wp:post_date_gmt>
		<wp:comment_status><![CDATA[closed]]></wp:comment_status>
		<wp:ping_status><![CDATA[closed]]></wp:ping_status>
		<wp:post_name><![CDATA[parsley-montana]]></wp:post_name>
		<wp:status><![CDATA[publish]]></wp:status>
		<wp:post_parent>0</wp:post_parent>
		<wp:menu_order>0</wp:menu_order>
		<wp:post_type><![CDATA[team-member]]></wp:post_type>
		<wp:post_password><![CDATA[]]></wp:post_password>
		<wp:is_sticky>0</wp:is_sticky>
		<wp:postmeta>
			<wp:meta_key><![CDATA[_vc_post_settings]]></wp:meta_key>
			<wp:meta_value><![CDATA[a:1:{s:10:"vc_grid_id";a:0:{}}]]></wp:meta_value>
		</wp:postmeta>
		<wp:postmeta>
			<wp:meta_key><![CDATA[_vc_post_settings]]></wp:meta_key>
			<wp:meta_value><![CDATA[a:1:{s:10:"vc_grid_id";a:0:{}}]]></wp:meta_value>
		</wp:postmeta>
		<wp:postmeta>
			<wp:meta_key><![CDATA[_vc_post_settings]]></wp:meta_key>
			<wp:meta_value><![CDATA[a:1:{s:10:"vc_grid_id";a:0:{}}]]></wp:meta_value>
		</wp:postmeta>
		<wp:postmeta>
			<wp:meta_key><![CDATA[picture]]></wp:meta_key>
			<wp:meta_value><![CDATA[http://themes.webdevia.com/flooring/wp-content/uploads/2017/01/team-9.jpg]]></wp:meta_value>
		</wp:postmeta>
		<wp:postmeta>
			<wp:meta_key><![CDATA[description]]></wp:meta_key>
			<wp:meta_value><![CDATA[Logan grew up in a household where design was very important. His father was a chief furniture deisgn for]]></wp:meta_value>
		</wp:postmeta>
		<wp:postmeta>
			<wp:meta_key><![CDATA[slide_template]]></wp:meta_key>
			<wp:meta_value><![CDATA[default]]></wp:meta_value>
		</wp:postmeta>
		<wp:postmeta>
			<wp:meta_key><![CDATA[_wp_old_slug]]></wp:meta_key>
			<wp:meta_value><![CDATA[residential-2]]></wp:meta_value>
		</wp:postmeta>
		<wp:postmeta>
			<wp:meta_key><![CDATA[_edit_last]]></wp:meta_key>
			<wp:meta_value><![CDATA[1]]></wp:meta_value>
		</wp:postmeta>
	</item>

	<item>
		<title>get a quote</title>
		<link>http://themes.webdevia.com/flooring/?post_type=wpcf7_contact_form&#038;p=620</link>
		<pubDate>Mon, 30 Nov 2015 19:32:08 +0000</pubDate>
		<dc:creator><![CDATA[root]]></dc:creator>
		<guid isPermaLink="false">http://themes.webdevia.com/solar-wp/?post_type=wpcf7_contact_form&#038;p=620</guid>
		<description></description>
		<content:encoded><![CDATA[<div class="form-content left"><div class="large-12 columns wd-title-section_l"><h2>Get A Quote</h2></div><div class="row"> <div class="large-6 column"> <span class="input wd-strocked-field"> [text your-name id:wd-field-name class:input__field class:wd-input-strocked-field] <label for="wd-field-name" class="input__label input__label--strocked"> <svg preserveAspectRatio="none" viewBox="0 0 404 77" height="100%" width="100%" class="graphic graphic--strocked"> <path d="m0,0l404,0l0,77l-404,0l0,-77z"/> </svg> <span class="input__label-content input__label-content--strocked">Name*</span> </label> </span> </div> <div class="large-6 column"> <span class="input wd-strocked-field"> [text your-phone id:wd-field-phone class:input__field class:wd-input-strocked-field] <label for="wd-field-phone" class="input__label input__label--strocked"> <svg preserveAspectRatio="none" viewBox="0 0 404 77" height="100%" width="100%" class="graphic graphic--strocked"> <path d="m0,0l404,0l0,77l-404,0l0,-77z"/> </svg> <span class="input__label-content input__label-content--strocked">Phone*</span> </label> </span> </div> </div> <div class="row"> <div class="large-6 column"> <span class="input wd-strocked-field"> [text your-email id:wd-field-email class:input__field class:wd-input-strocked-field] <label for="wd-field-email" class="input__label input__label--strocked"> <svg preserveAspectRatio="none" viewBox="0 0 404 77" height="100%" width="100%" class="graphic graphic--strocked"> <path d="m0,0l404,0l0,77l-404,0l0,-77z"/> </svg> <span class="input__label-content input__label-content--strocked">Email*</span> </label> </span> </div> <div class="large-6 column"> <span class="input wd-strocked-field"> [text appointment-date id:wd-field-appointment-date class:input__field class:wd-input-strocked-field] <label for="wd-field-appointment-date" class="input__label input__label--strocked"> <svg preserveAspectRatio="none" viewBox="0 0 404 77" height="100%" width="100%" class="graphic graphic--strocked"> <path d="m0,0l404,0l0,77l-404,0l0,-77z"/> </svg> <span class="input__label-content input__label-content--strocked">Appointment Date*</span> </label> </span> </div> </div> <div class="row"> <div class="large-12 column"> <span> [textarea your-comment  class:hvr-underline-from-center placeholder "Comment*"] </span> </div> </div> <p> [submit id:submit-now class:button class:alert class:small class:hvr-outline-out "Submit Now"] </p></div>
[your-subject]
[your-name] <admin@themes.webdevia.com>
From: [your-name] <[your-email]>
Subject: [your-subject]

Message Body:
[your-message]

--
This e-mail was sent from a contact form on solar (http://themes.webdevia.com/solar-wp)
admin@themes.webdevia.com
Reply-To: [your-email]




[your-subject]
solar <admin@themes.webdevia.com>
Message Body:
[your-message]

--
This e-mail was sent from a contact form on solar (http://themes.webdevia.com/solar-wp)
[your-email]
Reply-To: admin@themes.webdevia.com



Your message was sent successfully. Thanks.
Failed to send your message. Please try later or contact the administrator by another method.
Validation errors occurred. Please confirm the fields and submit it again.
Failed to send your message. Please try later or contact the administrator by another method.
Please accept the terms to proceed.
Please fill in the required field.
This input is too long.
This input is too short.
Date format seems invalid.
This date is too early.
This date is too late.
Failed to upload file.
This file type is not allowed.
This file is too large.
Failed to upload file. Error occurred.
Number format seems invalid.
This number is too small.
This number is too large.
Your answer is not correct.
Your entered code is incorrect.
Email address seems invalid.
URL seems invalid.
Telephone number seems invalid.]]></content:encoded>
		<excerpt:encoded><![CDATA[]]></excerpt:encoded>
		<wp:post_id>620</wp:post_id>
		<wp:post_date><![CDATA[2015-11-30 19:32:08]]></wp:post_date>
		<wp:post_date_gmt><![CDATA[2015-11-30 19:32:08]]></wp:post_date_gmt>
		<wp:comment_status><![CDATA[closed]]></wp:comment_status>
		<wp:ping_status><![CDATA[closed]]></wp:ping_status>
		<wp:post_name><![CDATA[get-a-quote]]></wp:post_name>
		<wp:status><![CDATA[publish]]></wp:status>
		<wp:post_parent>0</wp:post_parent>
		<wp:menu_order>0</wp:menu_order>
		<wp:post_type><![CDATA[wpcf7_contact_form]]></wp:post_type>
		<wp:post_password><![CDATA[]]></wp:post_password>
		<wp:is_sticky>0</wp:is_sticky>
		<wp:postmeta>
			<wp:meta_key><![CDATA[_vc_post_settings]]></wp:meta_key>
			<wp:meta_value><![CDATA[a:1:{s:10:"vc_grid_id";a:0:{}}]]></wp:meta_value>
		</wp:postmeta>
		<wp:postmeta>
			<wp:meta_key><![CDATA[_vc_post_settings]]></wp:meta_key>
			<wp:meta_value><![CDATA[a:1:{s:10:"vc_grid_id";a:0:{}}]]></wp:meta_value>
		</wp:postmeta>
		<wp:postmeta>
			<wp:meta_key><![CDATA[_form]]></wp:meta_key>
			<wp:meta_value><![CDATA[<div class="form-content left"><div class="large-12 columns wd-title-section_l"><h2>Get A Quote</h2></div><div class="row"> <div class="large-6 column"> <span class="input wd-strocked-field"> [text your-name id:wd-field-name class:input__field class:wd-input-strocked-field] <label for="wd-field-name" class="input__label input__label--strocked"> <svg preserveAspectRatio="none" viewBox="0 0 404 77" height="100%" width="100%" class="graphic graphic--strocked"> <path d="m0,0l404,0l0,77l-404,0l0,-77z"/> </svg> <span class="input__label-content input__label-content--strocked">Name*</span> </label> </span> </div> <div class="large-6 column"> <span class="input wd-strocked-field"> [text your-phone id:wd-field-phone class:input__field class:wd-input-strocked-field] <label for="wd-field-phone" class="input__label input__label--strocked"> <svg preserveAspectRatio="none" viewBox="0 0 404 77" height="100%" width="100%" class="graphic graphic--strocked"> <path d="m0,0l404,0l0,77l-404,0l0,-77z"/> </svg> <span class="input__label-content input__label-content--strocked">Phone*</span> </label> </span> </div> </div> <div class="row"> <div class="large-6 column"> <span class="input wd-strocked-field"> [text your-email id:wd-field-email class:input__field class:wd-input-strocked-field] <label for="wd-field-email" class="input__label input__label--strocked"> <svg preserveAspectRatio="none" viewBox="0 0 404 77" height="100%" width="100%" class="graphic graphic--strocked"> <path d="m0,0l404,0l0,77l-404,0l0,-77z"/> </svg> <span class="input__label-content input__label-content--strocked">Email*</span> </label> </span> </div> <div class="large-6 column"> <span class="input wd-strocked-field"> [text appointment-date id:wd-field-appointment-date class:input__field class:wd-input-strocked-field] <label for="wd-field-appointment-date" class="input__label input__label--strocked"> <svg preserveAspectRatio="none" viewBox="0 0 404 77" height="100%" width="100%" class="graphic graphic--strocked"> <path d="m0,0l404,0l0,77l-404,0l0,-77z"/> </svg> <span class="input__label-content input__label-content--strocked">Appointment Date*</span> </label> </span> </div> </div> <div class="row"> <div class="large-12 column"> <span> [textarea your-comment  class:hvr-underline-from-center placeholder "Comment*"] </span> </div> </div> <p> [submit id:submit-now class:button class:alert class:small class:hvr-outline-out "Submit Now"] </p></div>]]></wp:meta_value>
		</wp:postmeta>
		<wp:postmeta>
			<wp:meta_key><![CDATA[_mail]]></wp:meta_key>
			<wp:meta_value><![CDATA[a:8:{s:7:"subject";s:14:"[your-subject]";s:6:"sender";s:39:"[your-name] <admin@themes.webdevia.com>";s:4:"body";s:178:"From: [your-name] <[your-email]>
Subject: [your-subject]

Message Body:
[your-message]

--
This e-mail was sent from a contact form on solar (http://themes.webdevia.com/solar-wp)";s:9:"recipient";s:25:"admin@themes.webdevia.com";s:18:"additional_headers";s:22:"Reply-To: [your-email]";s:11:"attachments";s:0:"";s:8:"use_html";b:0;s:13:"exclude_blank";b:0;}]]></wp:meta_value>
		</wp:postmeta>
		<wp:postmeta>
			<wp:meta_key><![CDATA[_mail_2]]></wp:meta_key>
			<wp:meta_value><![CDATA[a:9:{s:6:"active";b:0;s:7:"subject";s:14:"[your-subject]";s:6:"sender";s:33:"solar <admin@themes.webdevia.com>";s:4:"body";s:120:"Message Body:
[your-message]

--
This e-mail was sent from a contact form on solar (http://themes.webdevia.com/solar-wp)";s:9:"recipient";s:12:"[your-email]";s:18:"additional_headers";s:35:"Reply-To: admin@themes.webdevia.com";s:11:"attachments";s:0:"";s:8:"use_html";b:0;s:13:"exclude_blank";b:0;}]]></wp:meta_value>
		</wp:postmeta>
		<wp:postmeta>
			<wp:meta_key><![CDATA[_messages]]></wp:meta_key>
			<wp:meta_value><![CDATA[a:23:{s:12:"mail_sent_ok";s:43:"Your message was sent successfully. Thanks.";s:12:"mail_sent_ng";s:93:"Failed to send your message. Please try later or contact the administrator by another method.";s:16:"validation_error";s:74:"Validation errors occurred. Please confirm the fields and submit it again.";s:4:"spam";s:93:"Failed to send your message. Please try later or contact the administrator by another method.";s:12:"accept_terms";s:35:"Please accept the terms to proceed.";s:16:"invalid_required";s:34:"Please fill in the required field.";s:16:"invalid_too_long";s:23:"This input is too long.";s:17:"invalid_too_short";s:24:"This input is too short.";s:12:"invalid_date";s:26:"Date format seems invalid.";s:14:"date_too_early";s:23:"This date is too early.";s:13:"date_too_late";s:22:"This date is too late.";s:13:"upload_failed";s:22:"Failed to upload file.";s:24:"upload_file_type_invalid";s:30:"This file type is not allowed.";s:21:"upload_file_too_large";s:23:"This file is too large.";s:23:"upload_failed_php_error";s:38:"Failed to upload file. Error occurred.";s:14:"invalid_number";s:28:"Number format seems invalid.";s:16:"number_too_small";s:25:"This number is too small.";s:16:"number_too_large";s:25:"This number is too large.";s:23:"quiz_answer_not_correct";s:27:"Your answer is not correct.";s:17:"captcha_not_match";s:31:"Your entered code is incorrect.";s:13:"invalid_email";s:28:"Email address seems invalid.";s:11:"invalid_url";s:18:"URL seems invalid.";s:11:"invalid_tel";s:31:"Telephone number seems invalid.";}]]></wp:meta_value>
		</wp:postmeta>
		<wp:postmeta>
			<wp:meta_key><![CDATA[_additional_settings]]></wp:meta_key>
			<wp:meta_value><![CDATA[]]></wp:meta_value>
		</wp:postmeta>
		<wp:postmeta>
			<wp:meta_key><![CDATA[_locale]]></wp:meta_key>
			<wp:meta_value><![CDATA[en_US]]></wp:meta_value>
		</wp:postmeta>
		<wp:postmeta>
			<wp:meta_key><![CDATA[_vc_post_settings]]></wp:meta_key>
			<wp:meta_value><![CDATA[a:2:{s:7:"vc_grid";a:0:{}s:10:"vc_grid_id";a:0:{}}]]></wp:meta_value>
		</wp:postmeta>
	</item>

	<item>
		<title>Page Contact</title>
		<link>http://themes.webdevia.com/flooring/?post_type=wpcf7_contact_form&#038;p=701</link>
		<pubDate>Tue, 01 Dec 2015 16:11:47 +0000</pubDate>
		<dc:creator><![CDATA[root]]></dc:creator>
		<guid isPermaLink="false">http://themes.webdevia.com/solar-wp/?post_type=wpcf7_contact_form&#038;p=701</guid>
		<description></description>
		<content:encoded><![CDATA[<div class="large-4 columns">
  [text* your-name placeholder "Name"]
</div>
<div class="large-4 columns">
  [email* your-email placeholder "mail"]
</div>
<div class="large-4 columns">
  [text* your-name placeholder "Name"]
</div>
<div class="large-12 columns">
  [textarea your-message placeholder "Message"]
</div>
<div class="large-12 columns text-center">
  [submit class:button class:small]
</div>
[your-subject]
[your-name] <admin@themes.webdevia.com>
From: [your-name] <[your-email]>
Subject: [your-subject]

Message Body:
[your-message]

--
This e-mail was sent from a contact form on solar (http://themes.webdevia.com/solar-wp)
admin@themes.webdevia.com
Reply-To: [your-email]




[your-subject]
solar <admin@themes.webdevia.com>
Message Body:
[your-message]

--
This e-mail was sent from a contact form on solar (http://themes.webdevia.com/solar-wp)
[your-email]
Reply-To: admin@themes.webdevia.com



Your message was sent successfully. Thanks.
Failed to send your message. Please try later or contact the administrator by another method.
Validation errors occurred. Please confirm the fields and submit it again.
Failed to send your message. Please try later or contact the administrator by another method.
Please accept the terms to proceed.
Please fill in the required field.
This input is too long.
This input is too short.
Date format seems invalid.
This date is too early.
This date is too late.
Failed to upload file.
This file type is not allowed.
This file is too large.
Failed to upload file. Error occurred.
Number format seems invalid.
This number is too small.
This number is too large.
Your answer is not correct.
Your entered code is incorrect.
Email address seems invalid.
URL seems invalid.
Telephone number seems invalid.]]></content:encoded>
		<excerpt:encoded><![CDATA[]]></excerpt:encoded>
		<wp:post_id>701</wp:post_id>
		<wp:post_date><![CDATA[2015-12-01 16:11:47]]></wp:post_date>
		<wp:post_date_gmt><![CDATA[2015-12-01 16:11:47]]></wp:post_date_gmt>
		<wp:comment_status><![CDATA[closed]]></wp:comment_status>
		<wp:ping_status><![CDATA[closed]]></wp:ping_status>
		<wp:post_name><![CDATA[page-contact]]></wp:post_name>
		<wp:status><![CDATA[publish]]></wp:status>
		<wp:post_parent>0</wp:post_parent>
		<wp:menu_order>0</wp:menu_order>
		<wp:post_type><![CDATA[wpcf7_contact_form]]></wp:post_type>
		<wp:post_password><![CDATA[]]></wp:post_password>
		<wp:is_sticky>0</wp:is_sticky>
		<wp:postmeta>
			<wp:meta_key><![CDATA[_vc_post_settings]]></wp:meta_key>
			<wp:meta_value><![CDATA[a:1:{s:10:"vc_grid_id";a:0:{}}]]></wp:meta_value>
		</wp:postmeta>
		<wp:postmeta>
			<wp:meta_key><![CDATA[_vc_post_settings]]></wp:meta_key>
			<wp:meta_value><![CDATA[a:1:{s:10:"vc_grid_id";a:0:{}}]]></wp:meta_value>
		</wp:postmeta>
		<wp:postmeta>
			<wp:meta_key><![CDATA[_form]]></wp:meta_key>
			<wp:meta_value><![CDATA[<div class="large-4 columns">
  [text* your-name placeholder "Name"]
</div>
<div class="large-4 columns">
  [email* your-email placeholder "mail"]
</div>
<div class="large-4 columns">
  [text* your-name placeholder "Name"]
</div>
<div class="large-12 columns">
  [textarea your-message placeholder "Message"]
</div>
<div class="large-12 columns text-center">
  [submit class:button class:small]
</div>]]></wp:meta_value>
		</wp:postmeta>
		<wp:postmeta>
			<wp:meta_key><![CDATA[_mail]]></wp:meta_key>
			<wp:meta_value><![CDATA[a:8:{s:7:"subject";s:14:"[your-subject]";s:6:"sender";s:39:"[your-name] <admin@themes.webdevia.com>";s:4:"body";s:178:"From: [your-name] <[your-email]>
Subject: [your-subject]

Message Body:
[your-message]

--
This e-mail was sent from a contact form on solar (http://themes.webdevia.com/solar-wp)";s:9:"recipient";s:25:"admin@themes.webdevia.com";s:18:"additional_headers";s:22:"Reply-To: [your-email]";s:11:"attachments";s:0:"";s:8:"use_html";b:0;s:13:"exclude_blank";b:0;}]]></wp:meta_value>
		</wp:postmeta>
		<wp:postmeta>
			<wp:meta_key><![CDATA[_mail_2]]></wp:meta_key>
			<wp:meta_value><![CDATA[a:9:{s:6:"active";b:0;s:7:"subject";s:14:"[your-subject]";s:6:"sender";s:33:"solar <admin@themes.webdevia.com>";s:4:"body";s:120:"Message Body:
[your-message]

--
This e-mail was sent from a contact form on solar (http://themes.webdevia.com/solar-wp)";s:9:"recipient";s:12:"[your-email]";s:18:"additional_headers";s:35:"Reply-To: admin@themes.webdevia.com";s:11:"attachments";s:0:"";s:8:"use_html";b:0;s:13:"exclude_blank";b:0;}]]></wp:meta_value>
		</wp:postmeta>
		<wp:postmeta>
			<wp:meta_key><![CDATA[_messages]]></wp:meta_key>
			<wp:meta_value><![CDATA[a:23:{s:12:"mail_sent_ok";s:43:"Your message was sent successfully. Thanks.";s:12:"mail_sent_ng";s:93:"Failed to send your message. Please try later or contact the administrator by another method.";s:16:"validation_error";s:74:"Validation errors occurred. Please confirm the fields and submit it again.";s:4:"spam";s:93:"Failed to send your message. Please try later or contact the administrator by another method.";s:12:"accept_terms";s:35:"Please accept the terms to proceed.";s:16:"invalid_required";s:34:"Please fill in the required field.";s:16:"invalid_too_long";s:23:"This input is too long.";s:17:"invalid_too_short";s:24:"This input is too short.";s:12:"invalid_date";s:26:"Date format seems invalid.";s:14:"date_too_early";s:23:"This date is too early.";s:13:"date_too_late";s:22:"This date is too late.";s:13:"upload_failed";s:22:"Failed to upload file.";s:24:"upload_file_type_invalid";s:30:"This file type is not allowed.";s:21:"upload_file_too_large";s:23:"This file is too large.";s:23:"upload_failed_php_error";s:38:"Failed to upload file. Error occurred.";s:14:"invalid_number";s:28:"Number format seems invalid.";s:16:"number_too_small";s:25:"This number is too small.";s:16:"number_too_large";s:25:"This number is too large.";s:23:"quiz_answer_not_correct";s:27:"Your answer is not correct.";s:17:"captcha_not_match";s:31:"Your entered code is incorrect.";s:13:"invalid_email";s:28:"Email address seems invalid.";s:11:"invalid_url";s:18:"URL seems invalid.";s:11:"invalid_tel";s:31:"Telephone number seems invalid.";}]]></wp:meta_value>
		</wp:postmeta>
		<wp:postmeta>
			<wp:meta_key><![CDATA[_additional_settings]]></wp:meta_key>
			<wp:meta_value><![CDATA[]]></wp:meta_value>
		</wp:postmeta>
		<wp:postmeta>
			<wp:meta_key><![CDATA[_locale]]></wp:meta_key>
			<wp:meta_value><![CDATA[en_US]]></wp:meta_value>
		</wp:postmeta>
		<wp:postmeta>
			<wp:meta_key><![CDATA[_vc_post_settings]]></wp:meta_key>
			<wp:meta_value><![CDATA[a:2:{s:7:"vc_grid";a:0:{}s:10:"vc_grid_id";a:0:{}}]]></wp:meta_value>
		</wp:postmeta>
	</item>

	<item>
		<title>welcome to</title>
		<link>http://themes.webdevia.com/flooring/?post_type=wd-slider&#038;p=790</link>
		<pubDate>Wed, 30 Nov -0001 00:00:00 +0000</pubDate>
		<dc:creator><![CDATA[root]]></dc:creator>
		<guid isPermaLink="false">http://themes.webdevia.com/solar-wp/?post_type=wd-slider&#038;p=790</guid>
		<description></description>
		<content:encoded><![CDATA[]]></content:encoded>
		<excerpt:encoded><![CDATA[]]></excerpt:encoded>
		<wp:post_id>790</wp:post_id>
		<wp:post_date><![CDATA[2015-12-03 15:16:51]]></wp:post_date>
		<wp:post_date_gmt><![CDATA[0000-00-00 00:00:00]]></wp:post_date_gmt>
		<wp:comment_status><![CDATA[closed]]></wp:comment_status>
		<wp:ping_status><![CDATA[closed]]></wp:ping_status>
		<wp:post_name><![CDATA[]]></wp:post_name>
		<wp:status><![CDATA[draft]]></wp:status>
		<wp:post_parent>0</wp:post_parent>
		<wp:menu_order>0</wp:menu_order>
		<wp:post_type><![CDATA[wd-slider]]></wp:post_type>
		<wp:post_password><![CDATA[]]></wp:post_password>
		<wp:is_sticky>0</wp:is_sticky>
		<wp:postmeta>
			<wp:meta_key><![CDATA[_vc_post_settings]]></wp:meta_key>
			<wp:meta_value><![CDATA[a:1:{s:10:"vc_grid_id";a:0:{}}]]></wp:meta_value>
		</wp:postmeta>
		<wp:postmeta>
			<wp:meta_key><![CDATA[_vc_post_settings]]></wp:meta_key>
			<wp:meta_value><![CDATA[a:1:{s:10:"vc_grid_id";a:0:{}}]]></wp:meta_value>
		</wp:postmeta>
	</item>

	<item>
		<title>welcome to</title>
		<link>http://themes.webdevia.com/flooring/wd-slider/welcome-to/</link>
		<pubDate>Thu, 03 Dec 2015 15:25:04 +0000</pubDate>
		<dc:creator><![CDATA[root]]></dc:creator>
		<guid isPermaLink="false">http://themes.webdevia.com/solar-wp/?post_type=wd-slider&#038;p=795</guid>
		<description></description>
		<content:encoded><![CDATA[]]></content:encoded>
		<excerpt:encoded><![CDATA[]]></excerpt:encoded>
		<wp:post_id>795</wp:post_id>
		<wp:post_date><![CDATA[2015-12-03 15:25:04]]></wp:post_date>
		<wp:post_date_gmt><![CDATA[2015-12-03 15:25:04]]></wp:post_date_gmt>
		<wp:comment_status><![CDATA[closed]]></wp:comment_status>
		<wp:ping_status><![CDATA[closed]]></wp:ping_status>
		<wp:post_name><![CDATA[welcome-to]]></wp:post_name>
		<wp:status><![CDATA[publish]]></wp:status>
		<wp:post_parent>0</wp:post_parent>
		<wp:menu_order>0</wp:menu_order>
		<wp:post_type><![CDATA[wd-slider]]></wp:post_type>
		<wp:post_password><![CDATA[]]></wp:post_password>
		<wp:is_sticky>0</wp:is_sticky>
		<wp:postmeta>
			<wp:meta_key><![CDATA[_vc_post_settings]]></wp:meta_key>
			<wp:meta_value><![CDATA[a:1:{s:10:"vc_grid_id";a:0:{}}]]></wp:meta_value>
		</wp:postmeta>
		<wp:postmeta>
			<wp:meta_key><![CDATA[_vc_post_settings]]></wp:meta_key>
			<wp:meta_value><![CDATA[a:1:{s:10:"vc_grid_id";a:0:{}}]]></wp:meta_value>
		</wp:postmeta>
		<wp:postmeta>
			<wp:meta_key><![CDATA[_vc_post_settings]]></wp:meta_key>
			<wp:meta_value><![CDATA[a:1:{s:10:"vc_grid_id";a:0:{}}]]></wp:meta_value>
		</wp:postmeta>
		<wp:postmeta>
			<wp:meta_key><![CDATA[slide_subtitle]]></wp:meta_key>
			<wp:meta_value><![CDATA[Advantages of Roof Repair]]></wp:meta_value>
		</wp:postmeta>
		<wp:postmeta>
			<wp:meta_key><![CDATA[slide_description]]></wp:meta_key>
			<wp:meta_value><![CDATA[One major advantage with the use of roof repair is that as it is renewable it is therefore sustainable]]></wp:meta_value>
		</wp:postmeta>
		<wp:postmeta>
			<wp:meta_key><![CDATA[slide_image]]></wp:meta_key>
			<wp:meta_value><![CDATA[http://themes.webdevia.com/flooring/wp-content/uploads/2016/06/project-1.jpg]]></wp:meta_value>
		</wp:postmeta>
		<wp:postmeta>
			<wp:meta_key><![CDATA[slide_template]]></wp:meta_key>
			<wp:meta_value><![CDATA[default]]></wp:meta_value>
		</wp:postmeta>
	</item>

	<item>
		<title>welcome to</title>
		<link>http://themes.webdevia.com/flooring/wd-slider/welcome-to-2/</link>
		<pubDate>Thu, 03 Dec 2015 15:26:30 +0000</pubDate>
		<dc:creator><![CDATA[root]]></dc:creator>
		<guid isPermaLink="false">http://themes.webdevia.com/solar-wp/?post_type=wd-slider&#038;p=799</guid>
		<description></description>
		<content:encoded><![CDATA[]]></content:encoded>
		<excerpt:encoded><![CDATA[]]></excerpt:encoded>
		<wp:post_id>799</wp:post_id>
		<wp:post_date><![CDATA[2015-12-03 15:26:30]]></wp:post_date>
		<wp:post_date_gmt><![CDATA[2015-12-03 15:26:30]]></wp:post_date_gmt>
		<wp:comment_status><![CDATA[closed]]></wp:comment_status>
		<wp:ping_status><![CDATA[closed]]></wp:ping_status>
		<wp:post_name><![CDATA[welcome-to-2]]></wp:post_name>
		<wp:status><![CDATA[publish]]></wp:status>
		<wp:post_parent>0</wp:post_parent>
		<wp:menu_order>0</wp:menu_order>
		<wp:post_type><![CDATA[wd-slider]]></wp:post_type>
		<wp:post_password><![CDATA[]]></wp:post_password>
		<wp:is_sticky>0</wp:is_sticky>
		<wp:postmeta>
			<wp:meta_key><![CDATA[_vc_post_settings]]></wp:meta_key>
			<wp:meta_value><![CDATA[a:1:{s:10:"vc_grid_id";a:0:{}}]]></wp:meta_value>
		</wp:postmeta>
		<wp:postmeta>
			<wp:meta_key><![CDATA[_vc_post_settings]]></wp:meta_key>
			<wp:meta_value><![CDATA[a:1:{s:10:"vc_grid_id";a:0:{}}]]></wp:meta_value>
		</wp:postmeta>
		<wp:postmeta>
			<wp:meta_key><![CDATA[_vc_post_settings]]></wp:meta_key>
			<wp:meta_value><![CDATA[a:1:{s:10:"vc_grid_id";a:0:{}}]]></wp:meta_value>
		</wp:postmeta>
		<wp:postmeta>
			<wp:meta_key><![CDATA[slide_subtitle]]></wp:meta_key>
			<wp:meta_value><![CDATA[The Flooring Services]]></wp:meta_value>
		</wp:postmeta>
		<wp:postmeta>
			<wp:meta_key><![CDATA[slide_description]]></wp:meta_key>
			<wp:meta_value><![CDATA[Our flooring services are know be one of the most reliable affordable, because we take pride in delivering the best]]></wp:meta_value>
		</wp:postmeta>
		<wp:postmeta>
			<wp:meta_key><![CDATA[slide_image]]></wp:meta_key>
			<wp:meta_value><![CDATA[http://themes.webdevia.com/flooring/wp-content/uploads/2016/06/windows.jpg]]></wp:meta_value>
		</wp:postmeta>
		<wp:postmeta>
			<wp:meta_key><![CDATA[slide_template]]></wp:meta_key>
			<wp:meta_value><![CDATA[default]]></wp:meta_value>
		</wp:postmeta>
	</item>

	<item>
		<title>Newsletter</title>
		<link>http://themes.webdevia.com/flooring/?post_type=wpcf7_contact_form&#038;p=976</link>
		<pubDate>Mon, 11 Jan 2016 20:30:46 +0000</pubDate>
		<dc:creator><![CDATA[root]]></dc:creator>
		<guid isPermaLink="false">http://themes.webdevia.com/solar-wp/?post_type=wpcf7_contact_form&#038;p=976</guid>
		<description></description>
		<content:encoded><![CDATA[<div class="row">
<div class="large-12 columns  wd-title-section_l m-t-50" style="margin-bottom: 30px;">
      <h2>Get a Free Quote</h2>
<h5>Sed odio orci, fringilla nec dolor et, euismod auctor mauris. Curabitur semper dui diam, nec accumsan mauris consequat sed.</h5>
</div>


<div class="large-6 columns"> [text* your-name placeholder "Your Name"] </div>

<div class="large-6 columns"> [email* your-email placeholder "Your Email"] </div>
<div class="large-12 columns"> [textarea message 10x4 placeholder "Your message"] </div>

<div class="large-12 columns">[submit class:button class:alert class:small class:radius "Submit"] </div>



</div>
[your-subject]
[your-name] <admin@themes.webdevia.com>
From: [your-name] <[your-email]>
Subject: [your-subject]

Message Body:
[your-message]

--
This e-mail was sent from a contact form on solar (http://themes.webdevia.com/solar-wp)
admin@themes.webdevia.com
Reply-To: [your-email]




[your-subject]
solar <admin@themes.webdevia.com>
Message Body:
[your-message]

--
This e-mail was sent from a contact form on solar (http://themes.webdevia.com/solar-wp)
[your-email]
Reply-To: admin@themes.webdevia.com



Your message was sent successfully. Thanks.
Failed to send your message. Please try later or contact the administrator by another method.
Validation errors occurred. Please confirm the fields and submit it again.
Failed to send your message. Please try later or contact the administrator by another method.
Please accept the terms to proceed.
Please fill in the required field.
This input is too long.
This input is too short.
Date format seems invalid.
This date is too early.
This date is too late.
Failed to upload file.
This file type is not allowed.
This file is too large.
Failed to upload file. Error occurred.
Number format seems invalid.
This number is too small.
This number is too large.
Your answer is not correct.
Your entered code is incorrect.
Email address seems invalid.
URL seems invalid.
Telephone number seems invalid.]]></content:encoded>
		<excerpt:encoded><![CDATA[]]></excerpt:encoded>
		<wp:post_id>976</wp:post_id>
		<wp:post_date><![CDATA[2016-01-11 20:30:46]]></wp:post_date>
		<wp:post_date_gmt><![CDATA[2016-01-11 20:30:46]]></wp:post_date_gmt>
		<wp:comment_status><![CDATA[closed]]></wp:comment_status>
		<wp:ping_status><![CDATA[closed]]></wp:ping_status>
		<wp:post_name><![CDATA[newsletter]]></wp:post_name>
		<wp:status><![CDATA[publish]]></wp:status>
		<wp:post_parent>0</wp:post_parent>
		<wp:menu_order>0</wp:menu_order>
		<wp:post_type><![CDATA[wpcf7_contact_form]]></wp:post_type>
		<wp:post_password><![CDATA[]]></wp:post_password>
		<wp:is_sticky>0</wp:is_sticky>
		<wp:postmeta>
			<wp:meta_key><![CDATA[_vc_post_settings]]></wp:meta_key>
			<wp:meta_value><![CDATA[a:1:{s:10:"vc_grid_id";a:0:{}}]]></wp:meta_value>
		</wp:postmeta>
		<wp:postmeta>
			<wp:meta_key><![CDATA[_vc_post_settings]]></wp:meta_key>
			<wp:meta_value><![CDATA[a:1:{s:10:"vc_grid_id";a:0:{}}]]></wp:meta_value>
		</wp:postmeta>
		<wp:postmeta>
			<wp:meta_key><![CDATA[_form]]></wp:meta_key>
			<wp:meta_value><![CDATA[<div class="row">
<div class="large-12 columns  wd-title-section_l m-t-50" style="margin-bottom: 30px;">
      <h2>Get a Free Quote</h2>
<h5>Sed odio orci, fringilla nec dolor et, euismod auctor mauris. Curabitur semper dui diam, nec accumsan mauris consequat sed.</h5>
</div>


<div class="large-6 columns"> [text* your-name placeholder "Your Name"] </div>

<div class="large-6 columns"> [email* your-email placeholder "Your Email"] </div>
<div class="large-12 columns"> [textarea message 10x4 placeholder "Your message"] </div>

<div class="large-12 columns">[submit class:button class:alert class:small class:radius "Submit"] </div>



</div>]]></wp:meta_value>
		</wp:postmeta>
		<wp:postmeta>
			<wp:meta_key><![CDATA[_mail]]></wp:meta_key>
			<wp:meta_value><![CDATA[a:8:{s:7:"subject";s:14:"[your-subject]";s:6:"sender";s:39:"[your-name] <admin@themes.webdevia.com>";s:4:"body";s:178:"From: [your-name] <[your-email]>
Subject: [your-subject]

Message Body:
[your-message]

--
This e-mail was sent from a contact form on solar (http://themes.webdevia.com/solar-wp)";s:9:"recipient";s:25:"admin@themes.webdevia.com";s:18:"additional_headers";s:22:"Reply-To: [your-email]";s:11:"attachments";s:0:"";s:8:"use_html";b:0;s:13:"exclude_blank";b:0;}]]></wp:meta_value>
		</wp:postmeta>
		<wp:postmeta>
			<wp:meta_key><![CDATA[_mail_2]]></wp:meta_key>
			<wp:meta_value><![CDATA[a:9:{s:6:"active";b:0;s:7:"subject";s:14:"[your-subject]";s:6:"sender";s:33:"solar <admin@themes.webdevia.com>";s:4:"body";s:120:"Message Body:
[your-message]

--
This e-mail was sent from a contact form on solar (http://themes.webdevia.com/solar-wp)";s:9:"recipient";s:12:"[your-email]";s:18:"additional_headers";s:35:"Reply-To: admin@themes.webdevia.com";s:11:"attachments";s:0:"";s:8:"use_html";b:0;s:13:"exclude_blank";b:0;}]]></wp:meta_value>
		</wp:postmeta>
		<wp:postmeta>
			<wp:meta_key><![CDATA[_messages]]></wp:meta_key>
			<wp:meta_value><![CDATA[a:23:{s:12:"mail_sent_ok";s:43:"Your message was sent successfully. Thanks.";s:12:"mail_sent_ng";s:93:"Failed to send your message. Please try later or contact the administrator by another method.";s:16:"validation_error";s:74:"Validation errors occurred. Please confirm the fields and submit it again.";s:4:"spam";s:93:"Failed to send your message. Please try later or contact the administrator by another method.";s:12:"accept_terms";s:35:"Please accept the terms to proceed.";s:16:"invalid_required";s:34:"Please fill in the required field.";s:16:"invalid_too_long";s:23:"This input is too long.";s:17:"invalid_too_short";s:24:"This input is too short.";s:12:"invalid_date";s:26:"Date format seems invalid.";s:14:"date_too_early";s:23:"This date is too early.";s:13:"date_too_late";s:22:"This date is too late.";s:13:"upload_failed";s:22:"Failed to upload file.";s:24:"upload_file_type_invalid";s:30:"This file type is not allowed.";s:21:"upload_file_too_large";s:23:"This file is too large.";s:23:"upload_failed_php_error";s:38:"Failed to upload file. Error occurred.";s:14:"invalid_number";s:28:"Number format seems invalid.";s:16:"number_too_small";s:25:"This number is too small.";s:16:"number_too_large";s:25:"This number is too large.";s:23:"quiz_answer_not_correct";s:27:"Your answer is not correct.";s:17:"captcha_not_match";s:31:"Your entered code is incorrect.";s:13:"invalid_email";s:28:"Email address seems invalid.";s:11:"invalid_url";s:18:"URL seems invalid.";s:11:"invalid_tel";s:31:"Telephone number seems invalid.";}]]></wp:meta_value>
		</wp:postmeta>
		<wp:postmeta>
			<wp:meta_key><![CDATA[_additional_settings]]></wp:meta_key>
			<wp:meta_value><![CDATA[]]></wp:meta_value>
		</wp:postmeta>
		<wp:postmeta>
			<wp:meta_key><![CDATA[_locale]]></wp:meta_key>
			<wp:meta_value><![CDATA[en_US]]></wp:meta_value>
		</wp:postmeta>
		<wp:postmeta>
			<wp:meta_key><![CDATA[_vc_post_settings]]></wp:meta_key>
			<wp:meta_value><![CDATA[a:1:{s:10:"vc_grid_id";a:0:{}}]]></wp:meta_value>
		</wp:postmeta>
	</item>

	<item>
		<title>Contact form 1</title>
		<link>http://themes.webdevia.com/flooring/?post_type=wpcf7_contact_form&#038;p=1278</link>
		<pubDate>Wed, 25 May 2016 18:31:15 +0000</pubDate>
		<dc:creator><![CDATA[root]]></dc:creator>
		<guid isPermaLink="false">http://themes.webdevia.com/flooring/?post_type=wpcf7_contact_form&#038;p=1278</guid>
		<description></description>
		<content:encoded><![CDATA[<p>Your Name (required)<br />
    [text* your-name] </p>

<p>Your Email (required)<br />
    [email* your-email] </p>

<p>Subject<br />
    [text your-subject] </p>

<p>Your Message<br />
    [textarea your-message] </p>

<p>[submit "Send"]</p>
Flooring Theme "[your-subject]"
[your-name] <admin@themes.webdevia.com>
From: [your-name] <[your-email]>
Subject: [your-subject]

Message Body:
[your-message]

--
This e-mail was sent from a contact form on Flooring Theme (http://themes.webdevia.com/flooring)
admin@themes.webdevia.com
Reply-To: [your-email]

0
0

Flooring Theme "[your-subject]"
Flooring Theme <admin@themes.webdevia.com>
Message Body:
[your-message]

--
This e-mail was sent from a contact form on Flooring Theme (http://themes.webdevia.com/flooring)
[your-email]
Reply-To: admin@themes.webdevia.com

0
0
Thank you for your message. It has been sent.
There was an error trying to send your message. Please try again later.
One or more fields have an error. Please check and try again.
There was an error trying to send your message. Please try again later.
You must accept the terms and conditions before sending your message.
The field is required.
The field is too long.
The field is too short.]]></content:encoded>
		<excerpt:encoded><![CDATA[]]></excerpt:encoded>
		<wp:post_id>1278</wp:post_id>
		<wp:post_date><![CDATA[2016-05-25 18:31:15]]></wp:post_date>
		<wp:post_date_gmt><![CDATA[2016-05-25 18:31:15]]></wp:post_date_gmt>
		<wp:comment_status><![CDATA[closed]]></wp:comment_status>
		<wp:ping_status><![CDATA[closed]]></wp:ping_status>
		<wp:post_name><![CDATA[contact-form-1-3]]></wp:post_name>
		<wp:status><![CDATA[publish]]></wp:status>
		<wp:post_parent>0</wp:post_parent>
		<wp:menu_order>0</wp:menu_order>
		<wp:post_type><![CDATA[wpcf7_contact_form]]></wp:post_type>
		<wp:post_password><![CDATA[]]></wp:post_password>
		<wp:is_sticky>0</wp:is_sticky>
		<wp:postmeta>
			<wp:meta_key><![CDATA[_vc_post_settings]]></wp:meta_key>
			<wp:meta_value><![CDATA[a:1:{s:10:"vc_grid_id";a:0:{}}]]></wp:meta_value>
		</wp:postmeta>
		<wp:postmeta>
			<wp:meta_key><![CDATA[_form]]></wp:meta_key>
			<wp:meta_value><![CDATA[<p>Your Name (required)<br />
    [text* your-name] </p>

<p>Your Email (required)<br />
    [email* your-email] </p>

<p>Subject<br />
    [text your-subject] </p>

<p>Your Message<br />
    [textarea your-message] </p>

<p>[submit "Send"]</p>]]></wp:meta_value>
		</wp:postmeta>
		<wp:postmeta>
			<wp:meta_key><![CDATA[_mail]]></wp:meta_key>
			<wp:meta_value><![CDATA[]]></wp:meta_value>
		</wp:postmeta>
		<wp:postmeta>
			<wp:meta_key><![CDATA[_mail_2]]></wp:meta_key>
			<wp:meta_value><![CDATA[]]></wp:meta_value>
		</wp:postmeta>
		<wp:postmeta>
			<wp:meta_key><![CDATA[_messages]]></wp:meta_key>
			<wp:meta_value><![CDATA[a:8:{s:12:"mail_sent_ok";s:45:"Thank you for your message. It has been sent.";s:12:"mail_sent_ng";s:71:"There was an error trying to send your message. Please try again later.";s:16:"validation_error";s:61:"One or more fields have an error. Please check and try again.";s:4:"spam";s:71:"There was an error trying to send your message. Please try again later.";s:12:"accept_terms";s:69:"You must accept the terms and conditions before sending your message.";s:16:"invalid_required";s:22:"The field is required.";s:16:"invalid_too_long";s:22:"The field is too long.";s:17:"invalid_too_short";s:23:"The field is too short.";}]]></wp:meta_value>
		</wp:postmeta>
		<wp:postmeta>
			<wp:meta_key><![CDATA[_additional_settings]]></wp:meta_key>
			<wp:meta_value><![CDATA[]]></wp:meta_value>
		</wp:postmeta>
		<wp:postmeta>
			<wp:meta_key><![CDATA[_locale]]></wp:meta_key>
			<wp:meta_value><![CDATA[en_US]]></wp:meta_value>
		</wp:postmeta>
	</item>

</channel>
</rss>
